project,target,configuration,hash,code,status,start,end
nestjs-auth,lint,,8670502312882803659,0,success,1725244738618,1725244745725
nestjs-logger,lint,,17650003200065641305,0,success,1725244738618,1725244745786
workspace-plugin,lint,,9994176938017849609,0,success,1725244738618,1725244746306
api,lint,,3927978974371619794,0,success,1725244745786,1725244751108
nestjs-storage,lint,,12659619412523447127,0,success,1725244745725,1725244751157
nestjs-logger,lint,,4971349334271968607,0,success,1725244782494,1725244789362
nestjs-auth,lint,,10512041957130016458,0,success,1725244782494,1725244789748
workspace-plugin,lint,,2073629864645962471,0,success,1725244782494,1725244789858
nestjs-storage,lint,,7103935804576877926,0,success,1725244789362,1725244794756
api,lint,,13310158559602794358,0,success,1725244789748,1725244794899
nestjs-logger,lint,,7290245811253228663,0,success,1725244822791,1725244829746
nestjs-auth,lint,,112181752815997514,0,success,1725244822791,1725244829836
workspace-plugin,lint,,9812524904409631041,0,success,1725244822791,1725244829941
nestjs-storage,lint,,6238202464920138981,0,success,1725244829746,1725244834805
api,lint,,11441882632866047097,0,success,1725244829836,1725244834879
nestjs-logger,lint,,7290245811253228663,0,success,1725244863305,1725244870310
workspace-plugin,lint,,9812524904409631041,0,success,1725244863305,1725244870478
nestjs-auth,lint,,112181752815997514,0,success,1725244863305,1725244870506
nestjs-storage,lint,,6238202464920138981,0,success,1725244870310,1725244875424
api,lint,,11441882632866047097,0,success,1725244870479,1725244875520
nestjs-logger,lint,,4136749511009569986,0,success,1725244906242,1725244913307
nestjs-auth,lint,,3579622841698709232,0,success,1725244906242,1725244913528
workspace-plugin,lint,,7589480996087506831,0,success,1725244906242,1725244913624
nestjs-storage,lint,,5941808934817291053,0,success,1725244913307,1725244918527
api,lint,,10990320000537960774,0,success,1725244913529,1725244918785
nestjs-logger,lint,,4136749511009569986,0,success,1725244947904,1725244954949
nestjs-auth,lint,,3579622841698709232,0,success,1725244947904,1725244955054
workspace-plugin,lint,,7589480996087506831,0,success,1725244947904,1725244955299
nestjs-storage,lint,,5941808934817291053,0,success,1725244954949,1725244960234
api,lint,,10990320000537960774,0,success,1725244955054,1725244960292
nestjs-logger,lint,,12563769590866076834,0,success,1725244988766,1725244995732
nestjs-auth,lint,,18179166702386173413,0,success,1725244988766,1725244996141
workspace-plugin,lint,,12070604279105953045,0,success,1725244988766,1725244996274
nestjs-storage,lint,,12347040011741422226,0,success,1725244995732,1725245001123
api,lint,,16801202234958841408,0,success,1725244996141,1725245001363
nestjs-logger,lint,,12563769590866076834,0,success,1725245028546,1725245035459
nestjs-auth,lint,,18179166702386173413,0,success,1725245028546,1725245035656
workspace-plugin,lint,,12070604279105953045,0,success,1725245028546,1725245035894
nestjs-storage,lint,,12347040011741422226,0,success,1725245035459,1725245040536
api,lint,,16801202234958841408,0,success,1725245035656,1725245040821
nestjs-logger,lint,,12563769590866076834,0,success,1725245067392,1725245074293
nestjs-auth,lint,,18179166702386173413,0,success,1725245067392,1725245074411
workspace-plugin,lint,,12070604279105953045,0,success,1725245067392,1725245074772
nestjs-storage,lint,,12347040011741422226,0,success,1725245074293,1725245079519
api,lint,,16801202234958841408,0,success,1725245074411,1725245079638
nestjs-logger,lint,,12563769590866076834,0,success,1725245106406,1725245113436
nestjs-auth,lint,,18179166702386173413,0,success,1725245106406,1725245113659
workspace-plugin,lint,,12070604279105953045,0,success,1725245106406,1725245113666
nestjs-storage,lint,,12347040011741422226,0,success,1725245113436,1725245118657
api,lint,,16801202234958841408,0,success,1725245113659,1725245118849
nestjs-logger,lint,,12563769590866076834,0,success,1725245145315,1725245152258
nestjs-auth,lint,,18179166702386173413,0,success,1725245145315,1725245152451
workspace-plugin,lint,,12070604279105953045,0,success,1725245145315,1725245152603
nestjs-storage,lint,,12347040011741422226,0,success,1725245152258,1725245157442
api,lint,,16801202234958841408,0,success,1725245152451,1725245157573
nestjs-logger,lint,,12563769590866076834,0,success,1725245184161,1725245191308
nestjs-auth,lint,,18179166702386173413,0,success,1725245184161,1725245191315
workspace-plugin,lint,,12070604279105953045,0,success,1725245184161,1725245191341
api,lint,,16801202234958841408,0,success,1725245191315,1725245196497
nestjs-storage,lint,,12347040011741422226,0,success,1725245191308,1725245196563
nestjs-logger,lint,,12563769590866076834,0,success,1725245223523,1725245230520
nestjs-auth,lint,,18179166702386173413,0,success,1725245223523,1725245230642
workspace-plugin,lint,,12070604279105953045,0,success,1725245223523,1725245230794
nestjs-storage,lint,,12347040011741422226,0,success,1725245230521,1725245235775
api,lint,,16801202234958841408,0,success,1725245230642,1725245235955
nestjs-logger,lint,,12563769590866076834,0,success,1725245264586,1725245271573
nestjs-auth,lint,,18179166702386173413,0,success,1725245264586,1725245271905
workspace-plugin,lint,,12070604279105953045,0,success,1725245264586,1725245272052
nestjs-storage,lint,,12347040011741422226,0,success,1725245271574,1725245276949
api,lint,,16801202234958841408,0,success,1725245271905,1725245277124
